,id_str_brand,senti_score_pos_brand,senti_score_neu_brand,senti_score_neg_brand,senti_score_com_brand,id_str_comment,senti_score_pos_comment,senti_score_neu_comment,senti_score_neg_comment,senti_score_com_comment
0,1255844374853935105,0.058,0.942,0.0,0.17975,1255849296609652736,0.0,1.0,0.0,0.0
1,1253005871199764482,0.0855,0.9145,0.0,0.28595,1253152465802989569,0.0,1.0,0.0,0.0
2,1253005871199764482,0.0855,0.9145,0.0,0.28595,1253803347645214720,0.293,0.707,0.0,0.4404
3,1251193853937422338,0.0,0.928,0.072,-0.1027,1251243096123244545,0.34450000000000003,0.536,0.11975,0.243375
4,1247570040691490816,0.0375,0.7484999999999999,0.214,-0.14420000000000002,1247574625887727622,0.3545,0.6455,0.0,0.35335
5,1247570040691490816,0.0375,0.7484999999999999,0.214,-0.14420000000000002,1247872405101568000,0.909,0.091,0.0,0.53495
6,1242141842382217220,0.237,0.763,0.0,0.4767,1242521374918184962,0.0,1.0,0.0,0.0
7,1241030599571374085,0.15,0.85,0.0,0.5719,1241046207352524809,1.0,0.0,0.0,0.6114
8,1241030599571374085,0.15,0.85,0.0,0.5719,1241049494281695232,0.0,1.0,0.0,0.0
9,1239937159823536132,0.5,0.5,0.0,0.4588,1239939007938781186,0.672,0.328,0.0,0.6249
10,1239937159823536132,0.5,0.5,0.0,0.4588,1239967466614218756,0.333,0.167,0.0,0.3057
11,1238235869951057920,0.103,0.897,0.0,0.4215,1238442920681840641,0.0,0.9319999999999999,0.068,-0.148
12,1235981023567138817,0.0,1.0,0.0,0.0,1235988185743790086,0.3145,0.6855,0.0,0.26275
13,1233436941007409153,0.0,1.0,0.0,0.0,1233467914528968704,0.143,0.857,0.0,0.4588
14,1233436941007409153,0.0,1.0,0.0,0.0,1233475795194085377,0.0,1.0,0.0,0.0
15,1232777067244249088,0.22,0.78,0.0,0.765,1232791812957298688,0.595,0.405,0.0,0.8316
16,1232704493378252800,0.0,1.0,0.0,0.0,1232886489320763393,0.0,1.0,0.0,0.0
17,1232704493378252800,0.0,1.0,0.0,0.0,1233047861199138816,0.0,1.0,0.0,0.0
18,1225827604390928390,0.367,0.633,0.0,0.4404,1230929912829239296,0.0,1.0,0.0,0.0
19,1222233076127932416,0.118,0.882,0.0,0.09806666666666668,1222236833700098050,0.276,0.724,0.0,0.636
20,1220768336352628741,0.0,1.0,0.0,0.0,1220773771633664000,0.0,1.0,0.0,0.0
21,1219666010237816832,0.123,0.831,0.047,0.5106,1219668605652041729,1.0,0.0,0.0,0.6476
22,1218224041397489664,0.363,0.637,0.0,0.8126,1218243718576250880,0.174,0.666,0.16,0.0534
23,1217084001338494976,0.0,1.0,0.0,0.0,1217086377013252097,0.39,0.61,0.0,0.4939
24,1217084001338494976,0.0,1.0,0.0,0.0,1217097535635980294,0.7745,0.2255,0.0,0.60465
25,1217084001338494976,0.0,1.0,0.0,0.0,1217089723887505414,0.3295,0.6705000000000001,0.0,0.47709999999999997
26,1217084001338494976,0.0,1.0,0.0,0.0,1217093940614193152,0.597,0.403,0.0,0.8126
27,1217084001338494976,0.0,1.0,0.0,0.0,1217105953751027712,0.547,0.453,0.0,0.561
28,1217084001338494976,0.0,1.0,0.0,0.0,1217118089357094912,0.512,0.488,0.0,0.6369
29,1217084001338494976,0.0,1.0,0.0,0.0,1217125332177821705,0.424,0.576,0.0,0.8519
30,1217084001338494976,0.0,1.0,0.0,0.0,1217126700762517505,0.1055,0.8945000000000001,0.0,0.24695
31,1217084001338494976,0.0,1.0,0.0,0.0,1217129186009276418,0.0,0.5,0.0,0.0
32,1217084001338494976,0.0,1.0,0.0,0.0,1217145450974892037,0.4075,0.5925,0.0,0.3294
33,1217084001338494976,0.0,1.0,0.0,0.0,1217148763569119237,0.592,0.408,0.0,0.4404
34,1217084001338494976,0.0,1.0,0.0,0.0,1217182204159299584,0.0,1.0,0.0,0.0
35,1217084001338494976,0.0,1.0,0.0,0.0,1217215277919883264,0.061,0.9390000000000001,0.0,0.20995
36,1217084001338494976,0.0,1.0,0.0,0.0,1217230059544686597,0.1055,0.3945,0.0,0.24695
37,1214585037070450690,0.222,0.733,0.045,0.8271,1214591199320985601,0.1855,0.8145,0.0,0.39725
38,1213143096457912320,0.0,1.0,0.0,0.0,1213329420544593920,0.0,0.0,0.0,0.0
39,1212055873415270400,0.173,0.827,0.0,0.4649,1212071698973044736,0.272,0.728,0.0,0.6697
40,1212055873415270400,0.173,0.827,0.0,0.4649,1212061687118999552,0.403,0.597,0.0,0.4019
41,1212055873415270400,0.173,0.827,0.0,0.4649,1212056572152692736,0.0,1.0,0.0,0.0
42,1212055873415270400,0.173,0.827,0.0,0.4649,1212057871350935554,0.0,1.0,0.0,0.0
43,1212055873415270400,0.173,0.827,0.0,0.4649,1212058030877089793,0.40700000000000003,0.593,0.0,0.5406
44,1212055873415270400,0.173,0.827,0.0,0.4649,1212083646426947586,0.519,0.481,0.0,0.6588
45,1212055873415270400,0.173,0.827,0.0,0.4649,1212281871545094144,0.408,0.592,0.0,0.4691000000000001
46,1212055873415270400,0.173,0.827,0.0,0.4649,1225960265872703488,0.481,0.519,0.0,0.7574
47,1212055873415270400,0.173,0.827,0.0,0.4649,1212137805708713985,0.0,1.0,0.0,0.0
48,1208077270772043776,0.0,1.0,0.0,0.0,1208079993928073217,0.2615,0.7384999999999999,0.0,0.3294
49,1200474570760826880,0.0,0.9106666666666667,0.08933333333333333,-0.09866666666666667,1200478307105431552,0.0,1.0,0.0,0.0
50,1200474570760826880,0.0,0.9106666666666667,0.08933333333333333,-0.09866666666666667,1200778314564165632,0.0,0.92,0.08,-0.1027
51,1197930298777985030,0.0,1.0,0.0,0.0,1197965349238509568,1.0,0.0,0.0,0.4215
52,1197930298777985030,0.0,1.0,0.0,0.0,1198006170574655488,0.218,0.782,0.0,0.5994
53,1197566456990437376,0.171,0.829,0.0,0.1139,1197570457349820418,0.0,1.0,0.0,0.0
54,1195401156555681792,0.0,1.0,0.0,0.0,1195402242360315906,0.0,1.0,0.0,0.0
55,1192132074829991938,0.037,0.913,0.0495,-0.0773,1216816779244249089,0.053,0.9470000000000001,0.0,0.1414
56,1184144546759880705,0.0,0.9343333333333333,0.06566666666666666,-0.13383333333333333,1184272129161940994,0.0,0.5,0.0,0.0
57,1181592636253233157,0.238,0.762,0.0,0.3612,1181619764017238017,0.0,1.0,0.0,0.0
58,1174344901032648704,0.0,1.0,0.0,0.0,1174443631190654976,0.181,0.819,0.0,0.6369
59,1174344901032648704,0.0,1.0,0.0,0.0,1174347760860106753,0.0,0.646,0.354,-0.2942
60,1173280383191932929,0.0,1.0,0.0,0.0,1173421802313437184,0.0,1.0,0.0,0.0
61,1173280383191932929,0.0,1.0,0.0,0.0,1173282706249179143,0.778,0.222,0.0,0.7906
62,1173280383191932929,0.0,1.0,0.0,0.0,1173284484344635392,0.0,1.0,0.0,0.0
63,1173280383191932929,0.0,1.0,0.0,0.0,1173398427167858688,0.0,0.5,0.0,0.0
64,1173280383191932929,0.0,1.0,0.0,0.0,1173761421823418368,0.21,0.79,0.0,0.2202
65,1173280383191932929,0.0,1.0,0.0,0.0,1195246448868253696,0.32,0.607,0.073,0.7964
66,1168539221885431808,0.351,0.649,0.0,0.4019,1168548135960031233,0.0,1.0,0.0,0.0
67,1168539221885431808,0.351,0.649,0.0,0.4019,1168564696913534977,0.333,0.667,0.0,0.7906
68,1168539221885431808,0.351,0.649,0.0,0.4019,1168594809482878976,0.0,1.0,0.0,0.0
69,1168539221885431808,0.351,0.649,0.0,0.4019,1168687298294243329,0.0,0.853,0.147,-0.3412
70,1168539221885431808,0.351,0.649,0.0,0.4019,1168763864898580480,0.237,0.6795,0.0835,-0.07775000000000001
71,1168214486827839488,0.429,0.571,0.0,0.8402,1168382328860753921,0.0,1.0,0.0,0.0
72,1168214486827839488,0.429,0.571,0.0,0.8402,1168897425454616578,1.0,0.0,0.0,0.0772
73,1167504834687381505,0.293,0.707,0.0,0.4404,1167507154854694913,0.32,0.68,0.0,0.6808
74,1167504834687381505,0.293,0.707,0.0,0.4404,1167514837443895296,0.0,1.0,0.0,0.0
75,1167504834687381505,0.293,0.707,0.0,0.4404,1167516537474957312,0.0,1.0,0.0,0.0
76,1167504834687381505,0.293,0.707,0.0,0.4404,1167548636026327040,0.1095,0.3905,0.0,0.3348
77,1167504834687381505,0.293,0.707,0.0,0.4404,1167986465344643073,0.2,0.8,0.0,0.3612
78,1167149993393868801,0.375,0.625,0.0,0.34,1167150599982452736,0.0,1.0,0.0,0.0
79,1166032596398198784,0.326,0.674,0.0,0.4404,1170538450682023936,0.1325,0.8674999999999999,0.0,0.10115
80,1166032596398198784,0.326,0.674,0.0,0.4404,1166035194832392198,0.511,0.489,0.0,0.2714
81,1166032596398198784,0.326,0.674,0.0,0.4404,1166507205782396929,0.687,0.313,0.0,0.2942
82,1166032596398198784,0.326,0.674,0.0,0.4404,1166036336480051200,0.0,1.0,0.0,0.0
83,1166032596398198784,0.326,0.674,0.0,0.4404,1166111610710237185,0.375,0.625,0.0,0.2023
84,1166032596398198784,0.326,0.674,0.0,0.4404,1166114115141681152,0.0,1.0,0.0,0.0
85,1166032596398198784,0.326,0.674,0.0,0.4404,1166175257541185538,0.111,0.5556666666666666,0.0,0.22319999999999998
86,1166032596398198784,0.326,0.674,0.0,0.4404,1167394344472588289,0.105,0.795,0.1,0.0258
87,1166032596398198784,0.326,0.674,0.0,0.4404,1170559674233610241,0.0,1.0,0.0,0.0
88,1163586550090911744,0.511,0.489,0.0,0.8555,1163586694383308803,0.3960000000000001,0.27066666666666667,0.0,0.4022333333333334
89,1163586550090911744,0.511,0.489,0.0,0.8555,1163597560017088512,0.208,0.792,0.0,0.6369
90,1160974278319386624,0.2145,0.7855,0.0,0.2294,1160978456760541184,0.474,0.526,0.0,0.4019
91,1160974278319386624,0.2145,0.7855,0.0,0.2294,1160983724487598081,0.75,0.25,0.0,0.4588
92,1160974278319386624,0.2145,0.7855,0.0,0.2294,1161000377975750662,0.0,1.0,0.0,0.0
93,1160974278319386624,0.2145,0.7855,0.0,0.2294,1161051632869806083,0.0,1.0,0.0,0.0
94,1160974278319386624,0.2145,0.7855,0.0,0.2294,1161082456096825345,0.431,0.569,0.0,0.4648
95,1160974278319386624,0.2145,0.7855,0.0,0.2294,1161093764124958721,0.0,1.0,0.0,0.0
96,1160974278319386624,0.2145,0.7855,0.0,0.2294,1160991449141448704,0.0,1.0,0.0,0.0
97,1160974278319386624,0.2145,0.7855,0.0,0.2294,1160991973291044864,0.0,0.536,0.464,-0.3818
98,1160974278319386624,0.2145,0.7855,0.0,0.2294,1161001214978527232,0.0,1.0,0.0,0.0
99,1160974278319386624,0.2145,0.7855,0.0,0.2294,1161001839560728576,0.0,1.0,0.0,0.0
100,1160974278319386624,0.2145,0.7855,0.0,0.2294,1161113322458144768,0.324,0.676,0.0,0.6948
101,1160974278319386624,0.2145,0.7855,0.0,0.2294,1161118861862850560,0.0,1.0,0.0,0.0
102,1160974278319386624,0.2145,0.7855,0.0,0.2294,1162958175068229632,0.1365,0.8634999999999999,0.0,0.2716
103,1160974278319386624,0.2145,0.7855,0.0,0.2294,1161144787719688194,0.0,1.0,0.0,0.0
104,1155161027199283200,0.0,1.0,0.0,0.0,1155180914076467201,0.346,0.654,0.0,0.5719
105,1139517874551308288,0.302,0.698,0.0,0.36315,1139575109889462273,0.289,0.711,0.0,0.7269
106,1129771171166208000,0.1535,0.8465,0.0,0.3057,1129794710992805889,0.39849999999999997,0.6014999999999999,0.0,0.6705
107,1129771171166208000,0.1535,0.8465,0.0,0.3057,1129836512898670593,0.113,0.887,0.0,0.1655
108,1129771171166208000,0.1535,0.8465,0.0,0.3057,1129821782230425601,0.0,1.0,0.0,0.0
109,1124697746831761408,0.099,0.901,0.0,0.3182,1125870948526088192,0.0,0.847,0.153,-0.4019
110,1124659998032789504,0.202,0.798,0.0,0.5859,1124807649500061696,0.0,1.0,0.0,0.0
111,1124010828888518656,0.173,0.827,0.0,0.3182,1124014429320962050,0.0,1.0,0.0,0.0
112,1123942769632972800,0.0,1.0,0.0,0.0,1124115389695365124,0.0,0.755,0.245,-0.0772
113,1121111634544668674,0.2095,0.7905,0.0,0.41255,1121169272921784321,0.0,1.0,0.0,0.0
114,1121111634544668674,0.2095,0.7905,0.0,0.41255,1121486666479427584,0.611,0.389,0.0,0.60885
115,1120318871368556545,0.092,0.873,0.035,0.5106,1120322872776568833,0.0,1.0,0.0,0.0
116,1110904393321381888,0.1815,0.8185,0.0,0.3057,1110910165283471361,0.0,1.0,0.0,0.0
117,1110904393321381888,0.1815,0.8185,0.0,0.3057,1111012202411163649,0.679,0.321,0.0,0.6486000000000001
118,1110904393321381888,0.1815,0.8185,0.0,0.3057,1111018232331292672,0.492,0.508,0.0,0.4404
119,1110904393321381888,0.1815,0.8185,0.0,0.3057,1116132548332199936,0.214,0.556,0.23,-0.0516
120,1107280522559082497,0.0,1.0,0.0,0.0,1107718098403102720,0.667,0.333,0.0,0.7184
121,1107280522559082497,0.0,1.0,0.0,0.0,1124197541560479744,0.117,0.785,0.098,0.101
122,1106193358245031938,0.0,1.0,0.0,0.0,1106228863149985792,0.391,0.609,0.0,0.7717
123,1106193358245031938,0.0,1.0,0.0,0.0,1106229823653978112,0.556,0.444,0.0,0.3612
124,1106193358245031938,0.0,1.0,0.0,0.0,1106668694678196224,0.0,1.0,0.0,0.0
125,1104034093694701568,0.0,1.0,0.0,0.0,1104230622804037632,0.346,0.654,0.0,0.3348
126,1104034093694701568,0.0,1.0,0.0,0.0,1104034467692400640,0.0,1.0,0.0,0.0
127,1104034093694701568,0.0,1.0,0.0,0.0,1104092437297971205,0.13,0.87,0.0,0.16419999999999998
128,1101542673482219522,0.0,0.9245,0.0755,-0.17975,1101636241487994880,0.0,1.0,0.0,0.0
129,1100915522928037888,0.5,0.5,0.0,0.26275,1100920362676695040,1.0,0.0,0.0,0.765
130,1098215096835366913,0.0,1.0,0.0,0.0,1098229398862479360,0.0,1.0,0.0,0.0
131,1098215096835366913,0.0,1.0,0.0,0.0,1098550136622456833,0.39899999999999997,0.601,0.0,0.4204
132,1098215096835366913,0.0,1.0,0.0,0.0,1098272852099432450,0.0,1.0,0.0,0.0
133,1098215096835366913,0.0,1.0,0.0,0.0,1098286850408501248,0.0,0.855,0.145,-0.296
134,1098215096835366913,0.0,1.0,0.0,0.0,1098346243863035910,0.443,0.5569999999999999,0.0,0.42965
135,1098215096835366913,0.0,1.0,0.0,0.0,1098370131858804736,0.276,0.724,0.0,0.6369
136,1098215096835366913,0.0,1.0,0.0,0.0,1105437729503019008,0.0,1.0,0.0,0.0
137,1097915294734053379,0.5,0.5,0.0,0.26275,1097919988160053248,0.0,0.798,0.202,-0.3182
138,1096485393946632197,0.5,0.5,0.0,0.26275,1096914856723271681,0.708,0.292,0.0,0.8655
139,1096485393946632197,0.5,0.5,0.0,0.26275,1096838047784681474,0.252,0.748,0.0,0.4019
140,1093135296877772800,0.284,0.541,0.176,0.3818,1093677125696143360,0.0,1.0,0.0,0.0
141,1093135296877772800,0.284,0.541,0.176,0.3818,1093151822582370304,0.5715,0.4285,0.0,0.66155
142,1089525379138809857,0.0,1.0,0.0,0.0,1089543101016952832,0.0,0.5,0.0,0.0
143,1089525379138809857,0.0,1.0,0.0,0.0,1089537641958305797,0.0,0.5,0.0,0.0
144,1089525379138809857,0.0,1.0,0.0,0.0,1089540698112749573,0.0,1.0,0.0,0.0
145,1089525379138809857,0.0,1.0,0.0,0.0,1092861032664584192,0.0,1.0,0.0,0.0
146,1089525379138809857,0.0,1.0,0.0,0.0,1097691257835585536,0.0,0.9055,0.0945,-0.05135
147,1085182345416708096,0.0,1.0,0.0,0.0,1085260760954036224,0.0,0.385,0.615,-0.1531
148,1085182345416708096,0.0,1.0,0.0,0.0,1085193266046283777,0.0,1.0,0.0,0.0
149,1085182345416708096,0.0,1.0,0.0,0.0,1085304231895224320,0.0,1.0,0.0,0.0
150,1085182345416708096,0.0,1.0,0.0,0.0,1085383869292007425,0.0,1.0,0.0,0.0
151,1085182345416708096,0.0,1.0,0.0,0.0,1098072419997306881,0.296,0.704,0.0,0.7089
152,1082683400060915714,0.0,1.0,0.0,0.0,1083164057287475202,0.0,1.0,0.0,0.0
153,1082683400060915714,0.0,1.0,0.0,0.0,1082717850308091904,0.0,0.5,0.0,0.0
154,1082261526663319552,0.0,1.0,0.0,0.0,1082444275206496256,0.0,0.532,0.468,-0.6597
155,1080825427197902848,0.0,1.0,0.0,0.0,1081037210592399360,1.0,0.0,0.0,0.34
156,1077549661660041216,0.523,0.47700000000000004,0.0,0.4299666666666666,1077580309489696768,0.0,1.0,0.0,0.0
157,1077549661660041216,0.523,0.47700000000000004,0.0,0.4299666666666666,1077688452571906048,0.6985,0.3015,0.0,0.64985
158,1076892728187936769,0.0,1.0,0.0,0.0,1077400552588410880,0.205,0.795,0.0,0.4754
159,1076122642028158977,0.0,1.0,0.0,0.0,1076133844984778761,0.0,1.0,0.0,0.0
160,1074703370621984769,0.0,1.0,0.0,0.0,1074704869775327232,0.0,1.0,0.0,0.0
161,1074703370621984769,0.0,1.0,0.0,0.0,1074853109250310145,0.0,1.0,0.0,0.0
162,1073570074328477697,0.0,1.0,0.0,0.0,1073573950964277249,0.0,0.793,0.207,-0.2714
163,1073570074328477697,0.0,1.0,0.0,0.0,1073574308851658752,0.0,1.0,0.0,0.0
164,1073570074328477697,0.0,1.0,0.0,0.0,1073595825488576522,0.247,0.753,0.0,0.3182
165,1073570074328477697,0.0,1.0,0.0,0.0,1073663823456976898,0.0,1.0,0.0,0.0
166,1073570074328477697,0.0,1.0,0.0,0.0,1073582896508743680,0.643,0.357,0.0,0.2023
167,1073570074328477697,0.0,1.0,0.0,0.0,1073937873404071937,0.0,1.0,0.0,0.0
168,1072568621132587013,0.0,1.0,0.0,0.0,1072577094390087680,0.0,1.0,0.0,0.0
169,1072568621132587013,0.0,1.0,0.0,0.0,1072686144243056640,0.558,0.288,0.154,0.7351
170,1070396451472187392,0.222,0.778,0.0,0.3057,1070481076987015169,0.0,1.0,0.0,0.0
171,1068595145669558272,0.0,1.0,0.0,0.0,1068600571295350787,0.091,0.909,0.0,0.0772
172,1068595145669558272,0.0,1.0,0.0,0.0,1068613661533585409,0.257,0.743,0.0,0.6696
173,1065630905442729985,0.2,0.8,0.0,0.3057,1065632078467919872,0.0,1.0,0.0,0.0
174,1065314216842805249,0.0,1.0,0.0,0.0,1065346488073707520,0.666,0.334,0.0,0.6114
175,1064553012998356992,0.256,0.744,0.0,0.4767,1064599830226448389,0.298,0.702,0.0,0.5267
176,1064553012998356992,0.256,0.744,0.0,0.4767,1064655883626602498,0.158,0.8420000000000001,0.0,0.28535
177,1064553012998356992,0.256,0.744,0.0,0.4767,1064647548005167105,0.2255,0.7745,0.0,0.25465
178,1064553012998356992,0.256,0.744,0.0,0.4767,1064655076487282689,0.0,0.0,0.0,0.0
179,1064553012998356992,0.256,0.744,0.0,0.4767,1064836575111118848,0.815,0.185,0.0,0.6588
180,1059871191853342721,0.0,1.0,0.0,0.0,1060222035782262791,0.322,0.678,0.0,0.5859
181,1059871191853342721,0.0,1.0,0.0,0.0,1059981255981305856,0.0,1.0,0.0,0.0
182,1057314547772604417,0.0,1.0,0.0,0.0,1057346916323860486,0.333,0.667,0.0,0.35885
183,1057259982561914880,0.0,1.0,0.0,0.0,1061436149099626497,0.0,1.0,0.0,0.0
184,1057259982561914880,0.0,1.0,0.0,0.0,1062053025844477955,0.0,1.0,0.0,0.0
185,1050457474728415232,0.087,0.913,0.0,0.2023,1050638277819035650,0.0,1.0,0.0,0.0
186,1050457474728415232,0.087,0.913,0.0,0.2023,1050527133880250368,0.38966666666666666,0.6103333333333333,0.0,0.24080000000000001
187,1043552141082865664,0.0,1.0,0.0,0.0,1043553244792918016,0.206,0.794,0.0,0.0772
188,1042396550188728320,0.084,0.916,0.0,0.2732,1042414813387866112,0.767,0.233,0.0,0.5093
189,1037753022007451649,0.0,1.0,0.0,0.0,1037794005990428672,0.0,0.801,0.199,-0.3595
190,1036249034720256000,0.121,0.879,0.0,0.2038,1036327382137823232,0.0,1.0,0.0,0.0
191,1036249034720256000,0.121,0.879,0.0,0.2038,1036340965815070723,0.21933333333333335,0.7806666666666667,0.0,0.2756
192,1036249034720256000,0.121,0.879,0.0,0.2038,1076370813123772416,0.16,0.416,0.09066666666666667,0.13236666666666666
193,1029397291772391425,0.0,0.9615,0.0385,-0.17975,1032370180599345153,0.0,1.0,0.0,0.0
194,1026510943956729857,0.0,1.0,0.0,0.0,1026513365043163136,0.554,0.44599999999999995,0.0,0.46715
195,1026510943956729857,0.0,1.0,0.0,0.0,1026530402138288129,0.156,0.726,0.117,0.1779
196,1026510943956729857,0.0,1.0,0.0,0.0,1034245473647972360,0.0,1.0,0.0,0.0
197,1025149566646190085,0.0695,0.8945000000000001,0.036,0.127,1025150423974469634,0.2495,0.7505,0.0,0.2287
198,1019016663881207810,0.0,1.0,0.0,0.0,1019032172727078913,0.0,1.0,0.0,0.0
199,1008362099679035392,0.053,0.9470000000000001,0.0,0.11175,1008366266833235968,0.0,1.0,0.0,0.0
200,1008030383563255808,0.0,1.0,0.0,0.0,1008050040865214469,0.308,0.692,0.0,0.6124
201,1007658670522585088,0.0,1.0,0.0,0.0,1007742473710555140,0.0,1.0,0.0,0.0
202,1007388417460588544,0.0,1.0,0.0,0.0,1007411686859526144,0.0,1.0,0.0,0.0
203,1007388417460588544,0.0,1.0,0.0,0.0,1007859762380369920,0.0,1.0,0.0,0.0
204,1007388417460588544,0.0,1.0,0.0,0.0,1024762309045051416,0.0,1.0,0.0,0.0
205,1007388417460588544,0.0,1.0,0.0,0.0,1060950180835528709,0.0,1.0,0.0,0.0
206,1007258443219120128,0.1535,0.8465,0.0,0.39795,1007323358348828672,0.0,0.784,0.216,-0.296
207,1007258443219120128,0.1535,0.8465,0.0,0.39795,1007418563051868162,0.236,0.764,0.0,0.7346
208,1007258443219120128,0.1535,0.8465,0.0,0.39795,1007318996134256642,0.252,0.748,0.0,0.4019
209,1006922107186499586,0.236,0.7639999999999999,0.0,0.27353333333333335,1007057307736379393,0.0,1.0,0.0,0.0
210,1005141151286988800,0.0,1.0,0.0,0.0,1005166024902303744,0.133,0.867,0.0,0.20309999999999997
211,1005141151286988800,0.0,1.0,0.0,0.0,1008035013449875456,0.248,0.752,0.0,0.35555
212,1005141151286988800,0.0,1.0,0.0,0.0,1008106660810780672,0.0,1.0,0.0,0.0
213,1005141151286988800,0.0,1.0,0.0,0.0,1012153033931796491,0.0,1.0,0.0,0.0
214,1005093478928404480,0.0,1.0,0.0,0.0,1005098306135982085,0.0,1.0,0.0,0.0
215,1005093478928404480,0.0,1.0,0.0,0.0,1005114872269606912,0.563,0.331,0.105,0.785
216,1005093478928404480,0.0,1.0,0.0,0.0,1005119757815832576,0.444,0.556,0.0,0.34
217,1001508845515083777,0.0,1.0,0.0,0.0,1001975146419314688,0.378,0.622,0.0,0.23765
218,1001508845515083777,0.0,1.0,0.0,0.0,1001607416927080450,0.416,0.584,0.0,0.7978
219,998565211652214785,0.0,1.0,0.0,0.0,999115599065370624,0.167,0.833,0.0,0.4588
220,997895183499964417,0.485,0.515,0.0,0.7636,998073474248671237,0.517,0.483,0.0,0.7579
221,995001553231794177,0.1415,0.8585,0.0,0.38585,995109431066091520,0.249,0.751,0.0,0.3573
222,995001553231794177,0.1415,0.8585,0.0,0.38585,995038713087451136,0.513,0.132,0.355,0.296
223,995001553231794177,0.1415,0.8585,0.0,0.38585,995277281055690752,0.272,0.728,0.0,0.6808
224,992434618304552960,0.0,0.9099999999999999,0.09,-0.148,992520966516428805,0.0,1.0,0.0,0.0
225,992422374254501890,0.0,1.0,0.0,0.0,992450750285602816,0.457,0.543,0.0,0.6369
226,992422374254501890,0.0,1.0,0.0,0.0,992487760584957952,0.242,0.758,0.0,0.1531
227,992422374254501890,0.0,1.0,0.0,0.0,992529824429346818,0.175,0.688,0.138,0.1511
228,992422374254501890,0.0,1.0,0.0,0.0,992499351934128128,0.409,0.591,0.0,0.3348
229,992422374254501890,0.0,1.0,0.0,0.0,992577233599557634,0.0,1.0,0.0,0.0
230,992422374254501890,0.0,1.0,0.0,0.0,992578161698398208,0.375,0.625,0.0,0.636
231,992099921066065920,0.18,0.8200000000000001,0.0,0.36755,992117162579058688,0.278,0.722,0.0,0.4019
232,992099921066065920,0.18,0.8200000000000001,0.0,0.36755,992168349470789635,0.138,0.597,0.265,-0.4019
233,991985767999209472,0.132,0.868,0.0,0.7269,992054682376982528,0.2215,0.2785,0.0,0.07555
234,991985767999209472,0.132,0.868,0.0,0.7269,992136297182564353,0.0,1.0,0.0,0.0
235,991985767999209472,0.132,0.868,0.0,0.7269,993182104602206208,0.296,0.628,0.076,0.7096
236,991484757409193984,0.0,1.0,0.0,0.0,991489776468537345,0.482,0.518,0.0,0.4199
237,991484757409193984,0.0,1.0,0.0,0.0,992577831258525696,0.0,1.0,0.0,0.0
238,991414456885313548,0.198,0.802,0.0,0.5719,991526473566650368,0.587,0.413,0.0,0.7964
239,991414456885313548,0.198,0.802,0.0,0.5719,992016576709824512,0.326,0.674,0.0,0.4404
240,991414456243515392,0.0,1.0,0.0,0.0,992212877447745537,0.423,0.577,0.0,0.6588
241,991414456243515392,0.0,1.0,0.0,0.0,992864831106703360,0.0,1.0,0.0,0.0
242,991414456243515392,0.0,1.0,0.0,0.0,992536173427023872,0.535,0.465,0.0,0.3182
243,989587420080418817,0.0,1.0,0.0,0.0,989697080640798721,0.0,1.0,0.0,0.0
244,985858833858822144,0.0,0.517,0.483,-0.4215,985959271761399810,0.3795,0.1205,0.0,0.3712
245,982735398437904384,0.053,0.9470000000000001,0.0,0.0386,982751179494121473,0.2435,0.7565,0.0,0.29295
246,982735398437904384,0.053,0.9470000000000001,0.0,0.0386,983008443614334976,0.0,1.0,0.0,0.0
247,982735398437904384,0.053,0.9470000000000001,0.0,0.0386,983034620378742784,0.0,0.493,0.507,-0.8016
248,982735398437904384,0.053,0.9470000000000001,0.0,0.0386,983046186033704960,0.0,1.0,0.0,0.0
249,982735134494543872,0.0355,0.9645,0.0,0.0386,982765360955899904,0.078,0.2955,0.1265,-0.15735
250,982735134494543872,0.0355,0.9645,0.0,0.0386,982943914289070082,0.25,0.75,0.0,0.25
251,982735134494543872,0.0355,0.9645,0.0,0.0386,983013853729558528,0.524,0.476,0.0,0.765
252,982735134494543872,0.0355,0.9645,0.0,0.0386,983149831244873728,0.0,0.0,0.0,0.0
253,982735134494543872,0.0355,0.9645,0.0,0.0386,983299944810532866,0.885,0.115,0.0,0.6913
254,975498705867591680,0.381,0.619,0.0,0.5719,976365446478704640,0.808,0.192,0.0,0.6369
255,969670581246480384,0.127,0.873,0.0,0.4939,971185016251273217,0.0,1.0,0.0,0.0
256,969271481254412289,0.0,1.0,0.0,0.0,970132167354388487,0.5,0.5,0.0,0.25
257,963815285949128704,0.402,0.598,0.0,0.9648,963833981358747649,0.411,0.589,0.0,0.4199
258,961680541694283778,0.0,1.0,0.0,0.0,961684119934685185,0.0,1.0,0.0,0.0
259,954426581992210437,0.0,1.0,0.0,0.0,954583414828494849,0.288,0.212,0.0,0.31095
260,954426581992210437,0.0,1.0,0.0,0.0,954447142885748737,0.322,0.678,0.0,0.765
261,954426581992210437,0.0,1.0,0.0,0.0,954460252266815489,0.4595,0.5405,0.0,0.70855
262,954426581992210437,0.0,1.0,0.0,0.0,954428016054231041,0.0,0.5,0.0,0.0
263,954090551690842112,0.2405,0.7595000000000001,0.0,0.20865,954093860082372608,0.278,0.722,0.0,0.4019
264,947146743573041152,0.266,0.734,0.0,0.7003,947606738827702272,0.0,0.577,0.423,-0.296
265,944231208426397696,0.153,0.847,0.0,0.45755,944234692429180928,0.6,0.4,0.0,0.7177
266,942832624376209408,0.415,0.585,0.0,0.7964,943552853859172352,0.0,0.865,0.135,-0.1419
267,942832624376209408,0.415,0.585,0.0,0.7964,943552309027659777,0.0,1.0,0.0,0.0
268,942832624376209408,0.415,0.585,0.0,0.7964,943554953209139202,0.71,0.29,0.0,0.43015000000000003
269,942832624376209408,0.415,0.585,0.0,0.7964,943562696967909376,0.217,0.783,0.0,0.5337
270,942832624376209408,0.415,0.585,0.0,0.7964,943675094282276864,0.0,1.0,0.0,0.0
271,942832624376209408,0.415,0.585,0.0,0.7964,944364861009682433,0.0,1.0,0.0,0.0
272,941705946778218498,0.2435,0.7565,0.0,0.3454,941707677901709313,0.1995,0.3005,0.0,0.19695
273,941705946778218498,0.2435,0.7565,0.0,0.3454,941708053208027136,0.0,1.0,0.0,0.0
274,941705946778218498,0.2435,0.7565,0.0,0.3454,941713381433794560,0.0,1.0,0.0,0.0
275,941705946778218498,0.2435,0.7565,0.0,0.3454,941727389339459584,0.0,1.0,0.0,0.0
276,941705946778218498,0.2435,0.7565,0.0,0.3454,941731626823720960,0.0,1.0,0.0,0.0
277,941705946778218498,0.2435,0.7565,0.0,0.3454,941733264754032642,0.367,0.633,0.0,0.4404
278,941705946778218498,0.2435,0.7565,0.0,0.3454,941735202824572928,0.0,1.0,0.0,0.0
279,941705946778218498,0.2435,0.7565,0.0,0.3454,941744345937514499,0.615,0.385,0.0,0.5859
280,941705946778218498,0.2435,0.7565,0.0,0.3454,941767317763035139,0.0,1.0,0.0,0.0
281,941705946778218498,0.2435,0.7565,0.0,0.3454,941927669347729415,0.0,1.0,0.0,0.0
282,941705946778218498,0.2435,0.7565,0.0,0.3454,941982277223043072,0.0,1.0,0.0,0.0
283,941705946778218498,0.2435,0.7565,0.0,0.3454,942074277800620033,0.0,1.0,0.0,0.0
284,941705946778218498,0.2435,0.7565,0.0,0.3454,942430464291278848,0.0,1.0,0.0,0.0
285,941371356301668352,0.153,0.847,0.0,0.4019,941371528180006912,0.0,1.0,0.0,0.0
286,939236567276769280,0.214,0.721,0.065,0.735,939238141378158593,0.815,0.185,0.0,0.6588
287,939236567276769280,0.214,0.721,0.065,0.735,939264412338270208,0.688,0.312,0.0,0.296
288,937720091331919873,0.195,0.8049999999999999,0.0,0.3753,938204069394550787,0.687,0.313,0.0,0.8999
289,935236534827184129,0.0,1.0,0.0,0.0,935266625237999618,0.213,0.787,0.0,0.4019
290,930566066190864384,0.0,1.0,0.0,0.0,930586435983499264,0.0,1.0,0.0,0.0
291,930566066190864384,0.0,1.0,0.0,0.0,930921579835518977,0.201,0.299,0.0,0.4431
292,915241603098329088,0.0,1.0,0.0,0.0,915736399365644288,0.0,0.577,0.423,-0.765
293,915241603098329088,0.0,1.0,0.0,0.0,921123745724620800,1.0,0.0,0.0,0.3612
294,915241603098329088,0.0,1.0,0.0,0.0,915623395148038144,0.0,0.5,0.0,0.0
295,913913429177638913,0.16,0.8400000000000001,0.0,0.2553,913913866853273602,0.2615,0.7384999999999999,0.0,0.3294
296,913138698710953984,0.222,0.778,0.0,0.4588,913150166605156352,0.1225,0.287,0.09,0.10015
297,913138698710953984,0.222,0.778,0.0,0.4588,913156131987628033,0.263,0.737,0.0,0.5093
298,913138698710953984,0.222,0.778,0.0,0.4588,918244841020186624,0.0,1.0,0.0,0.0
299,913138698710953984,0.222,0.778,0.0,0.4588,924657530046951426,0.0,1.0,0.0,0.0
300,911604173707382784,0.2,0.8,0.0,0.3612,911608265846509568,0.49650000000000005,0.5035000000000001,0.0,0.5491
301,911030297549869056,0.136,0.864,0.0,0.296,917642978893729794,0.339,0.661,0.0,0.6249
302,911030297549869056,0.136,0.864,0.0,0.296,911207928106975232,0.402,0.598,0.0,0.31195
303,911030297549869056,0.136,0.864,0.0,0.296,911903708052672512,0.298,0.702,0.0,0.34
304,911030297549869056,0.136,0.864,0.0,0.296,912104432225210368,0.196,0.804,0.0,0.296
305,911030297549869056,0.136,0.864,0.0,0.296,912155521888612352,0.172,0.828,0.0,0.3612
306,911030297549869056,0.136,0.864,0.0,0.296,912167823425728514,0.0,1.0,0.0,0.0
307,911030297549869056,0.136,0.864,0.0,0.296,917751913134903297,0.0,0.0,0.0,0.0
308,909835665952661506,0.0,1.0,0.0,0.0,910255850782121984,0.0,1.0,0.0,0.0
309,909015206029905920,0.259,0.741,0.0,0.6369,909077053038825472,0.407,0.593,0.0,0.6705
310,908842510797230082,0.132,0.868,0.0,0.4939,908842928801566721,0.2,0.8,0.0,0.3612
311,908772071899123712,0.1315,0.8685,0.0,0.1806,908804100459986945,0.0,0.732,0.268,-0.296
312,907998744750194688,0.231,0.769,0.0,0.5859,908001964935479297,0.0,1.0,0.0,0.0
313,907998744750194688,0.231,0.769,0.0,0.5859,908627897212112896,0.131,0.772,0.097,0.07615000000000002
314,907998744750194688,0.231,0.769,0.0,0.5859,908024244839297024,0.0,0.5,0.0,0.0
315,904037545377484800,0.27,0.73,0.0,0.5719,904060923689578497,0.0,1.0,0.0,0.0
316,904037545377484800,0.27,0.73,0.0,0.5719,904195567126962176,0.77,0.23,0.0,0.7717
317,904037545377484800,0.27,0.73,0.0,0.5719,904183824132734976,0.0,1.0,0.0,0.0
318,904037545377484800,0.27,0.73,0.0,0.5719,904087779965108224,0.0,1.0,0.0,0.0
319,903670649754976257,0.219,0.781,0.0,0.4215,903715571069419520,0.0,1.0,0.0,0.0
320,903670649754976257,0.219,0.781,0.0,0.4215,904433490170703872,0.412,0.588,0.0,0.7717
321,903670649754976257,0.219,0.781,0.0,0.4215,915612879952297985,0.0,1.0,0.0,0.0
322,903670649754976257,0.219,0.781,0.0,0.4215,916457269935562752,0.0,1.0,0.0,0.0
323,903670649754976257,0.219,0.781,0.0,0.4215,916786400586092544,0.0,1.0,0.0,0.0
324,903670649754976257,0.219,0.781,0.0,0.4215,917637028510162944,0.093,0.907,0.0,0.2133
325,903298257069244416,0.787,0.213,0.0,0.5719,914245741660557312,0.0,1.0,0.0,0.0
326,903298257069244416,0.787,0.213,0.0,0.5719,906569811840393216,0.324,0.676,0.0,0.34
327,898960414179958784,0.225,0.775,0.0,0.4939,900428074654863364,0.0,1.0,0.0,0.0
328,897156941352513536,0.0,1.0,0.0,0.0,897286862292754432,0.0,1.0,0.0,0.0
329,897156941352513536,0.0,1.0,0.0,0.0,897176380273823745,0.0,1.0,0.0,0.0
330,897156941352513536,0.0,1.0,0.0,0.0,897649022718136321,0.244,0.756,0.0,0.6369
331,897156941352513536,0.0,1.0,0.0,0.0,897166509163687936,0.222,0.778,0.0,0.6305
332,897156941352513536,0.0,1.0,0.0,0.0,900474780243120128,0.0,1.0,0.0,0.0
333,897156941352513536,0.0,1.0,0.0,0.0,904032918250586112,0.116,0.884,0.0,0.2411
334,897156941352513536,0.0,1.0,0.0,0.0,897580358610411520,0.0,1.0,0.0,0.0
335,895424501424541696,0.0,1.0,0.0,0.0,895434448648503296,0.0,1.0,0.0,0.0
336,895424501424541696,0.0,1.0,0.0,0.0,895489100643545090,0.0,1.0,0.0,0.0
337,893950878314622977,0.239,0.761,0.0,0.765,894011939831074817,0.414,0.244,0.342,0.1511
338,893950878314622977,0.239,0.761,0.0,0.765,899765817168056320,0.0,1.0,0.0,0.0
339,893950878314622977,0.239,0.761,0.0,0.765,893991498945114114,0.246,0.754,0.0,0.2202
340,893840346475622400,0.231,0.769,0.0,0.6908,894000435341742080,0.815,0.185,0.0,0.6588
341,893840346475622400,0.231,0.769,0.0,0.6908,894066467829944320,0.0,0.5,0.0,0.0
342,890991043386249217,0.092,0.9079999999999999,0.0,0.26275,891013266666696705,0.092,0.676,0.232,-0.4404
343,890991043386249217,0.092,0.9079999999999999,0.0,0.26275,891092392165613568,0.0,1.0,0.0,0.0
344,890359698452615168,0.163,0.837,0.0,0.26275,891413216638775296,0.0,1.0,0.0,0.0
345,890359698452615168,0.163,0.837,0.0,0.26275,892103397624528897,0.327,0.673,0.0,0.743
346,888789568270553088,0.12033333333333333,0.8796666666666667,0.0,0.17516666666666666,888919871769243649,0.0,1.0,0.0,0.0
347,888789568270553088,0.12033333333333333,0.8796666666666667,0.0,0.17516666666666666,888818786073276418,0.242,0.258,0.0,0.3446
348,888789568270553088,0.12033333333333333,0.8796666666666667,0.0,0.17516666666666666,888827673820188672,0.706,0.294,0.0,0.34
349,888789568270553088,0.12033333333333333,0.8796666666666667,0.0,0.17516666666666666,888953202078568448,0.0,1.0,0.0,0.0
350,888789568270553088,0.12033333333333333,0.8796666666666667,0.0,0.17516666666666666,888957055893209091,0.5,0.5,0.0,0.21075
351,888789568270553088,0.12033333333333333,0.8796666666666667,0.0,0.17516666666666666,888967374233370624,0.0,1.0,0.0,0.0
352,888470623919390720,0.204,0.796,0.0,0.41085,888475869391405058,0.0,0.6666666666666666,0.0,0.0
353,888470623919390720,0.204,0.796,0.0,0.41085,888478769119408128,0.373,0.267,0.36,0.0258
354,888470623919390720,0.204,0.796,0.0,0.41085,888517634555133952,0.162,0.8380000000000001,0.0,0.17
355,888470623919390720,0.204,0.796,0.0,0.41085,888556417749307392,0.0,1.0,0.0,0.0
356,885626810322608128,0.0,1.0,0.0,0.0,885627768356130816,0.0,1.0,0.0,0.0
357,885626810322608128,0.0,1.0,0.0,0.0,885627249596276737,0.0,1.0,0.0,0.0
358,885260694744125440,0.0,1.0,0.0,0.0,886025637642870785,0.0,1.0,0.0,0.0
359,885260694744125440,0.0,1.0,0.0,0.0,885666686342443008,0.0,1.0,0.0,0.0
360,885260694744125440,0.0,1.0,0.0,0.0,1103934992206331904,0.0,1.0,0.0,0.0
361,882332693593300993,0.648,0.352,0.0,0.8481,882333684023660544,0.531,0.469,0.0,0.5267
362,882332693593300993,0.648,0.352,0.0,0.8481,882383022686851072,0.0,1.0,0.0,0.0
363,875104112911810560,0.162,0.838,0.0,0.4404,875114786979278849,0.0,1.0,0.0,0.0
364,875104112911810560,0.162,0.838,0.0,0.4404,875171618938642432,0.0,1.0,0.0,0.0
365,875104112911810560,0.162,0.838,0.0,0.4404,875177718874353664,0.0,1.0,0.0,0.0
366,875104112911810560,0.162,0.838,0.0,0.4404,875410157488001025,0.0,1.0,0.0,0.0
367,875104112911810560,0.162,0.838,0.0,0.4404,875427665196363776,0.5,0.5,0.0,0.23765
368,875104112911810560,0.162,0.838,0.0,0.4404,875457809625763840,0.0,1.0,0.0,0.0
369,875104112911810560,0.162,0.838,0.0,0.4404,875722913793667072,0.0,1.0,0.0,0.0
370,875104112911810560,0.162,0.838,0.0,0.4404,876439826685468672,0.0,1.0,0.0,0.0
371,874729545705893888,0.072,0.9279999999999999,0.0,0.20015,874733259762085888,0.0,1.0,0.0,0.0
372,874729545705893888,0.072,0.9279999999999999,0.0,0.20015,875093964789080064,0.155,0.0,0.345,-0.28535
373,861282623318106112,0.16866666666666666,0.8313333333333333,0.0,0.2083,861376572632289280,0.0,0.5,0.0,0.0
374,860932881899716608,0.457,0.543,0.0,0.6369,860936476288274432,1.0,0.0,0.0,0.5255
375,860932881899716608,0.457,0.543,0.0,0.6369,860983951191617541,0.0,1.0,0.0,0.0
376,860898428305461248,0.375,0.625,0.0,0.6597,860919880010354688,0.0,1.0,0.0,0.0
377,860898428305461248,0.375,0.625,0.0,0.6597,860925313676701696,0.0,0.0,0.0,0.0
378,860898428305461248,0.375,0.625,0.0,0.6597,860940433056309248,0.457,0.543,0.0,0.6369
379,860105038504611840,0.5,0.5,0.0,0.4588,860174681621618688,0.2265,0.2735,0.0,0.3498
380,860105038504611840,0.5,0.5,0.0,0.4588,860200599593398272,0.363,0.137,0.0,0.37185
381,860100310211153921,0.191,0.809,0.0,0.5106,860202816102703105,0.0,0.0,0.0,0.0
382,860100310211153921,0.191,0.809,0.0,0.5106,860163437753753601,0.0,1.0,0.0,0.0
383,860099425275973632,0.083,0.917,0.0,0.1691,860202576842825728,0.0,1.0,0.0,0.0
384,860099425275973632,0.083,0.917,0.0,0.1691,860216672753471489,0.246,0.6745,0.0795,0.10800000000000001
385,860075057636401152,0.4295,0.5705,0.0,0.36315,860159703078359041,0.0,0.4,0.6,-0.4588
386,860075057636401152,0.4295,0.5705,0.0,0.36315,860123847290474496,0.0,0.2275,0.2725,-0.40075
387,859881628730097665,0.098,0.902,0.0,0.0772,859883985882796033,0.722,0.278,0.0,0.3818
388,859063521388232704,0.0,1.0,0.0,0.0,859137446327369728,0.0,1.0,0.0,0.0
389,859063521388232704,0.0,1.0,0.0,0.0,859107238656573442,0.0,1.0,0.0,0.0
390,859063521388232704,0.0,1.0,0.0,0.0,859073573583040513,0.0,1.0,0.0,0.0
391,859063521388232704,0.0,1.0,0.0,0.0,859066415596400642,0.12,0.743,0.137,-0.0772
392,859063521388232704,0.0,1.0,0.0,0.0,859068324453470210,0.615,0.385,0.0,0.4926
393,859063521388232704,0.0,1.0,0.0,0.0,859131167899086849,0.0,0.0,0.0,0.0
394,859063521388232704,0.0,1.0,0.0,0.0,859480162043400196,0.0,1.0,0.0,0.0
395,859063521388232704,0.0,1.0,0.0,0.0,859578154767101952,0.25,0.75,0.0,0.25
396,858336016406589440,0.402,0.598,0.0,0.7506,858400845347651584,0.112,0.888,0.0,0.2263
397,858336016406589440,0.402,0.598,0.0,0.7506,858345541343883264,0.0,1.0,0.0,0.0
398,858336016406589440,0.402,0.598,0.0,0.7506,858381668499038208,0.0,0.408,0.592,-0.4404
399,857606651997827072,0.143,0.857,0.0,0.17,857943142330494976,0.0,1.0,0.0,0.0
400,857606651997827072,0.143,0.857,0.0,0.17,858106773563211776,0.31,0.0,0.69,-0.5707
401,857606651997827072,0.143,0.857,0.0,0.17,858375539454881792,0.111,0.8889999999999999,0.0,0.12040000000000001
402,857606651997827072,0.143,0.857,0.0,0.17,858410266014474240,0.457,0.543,0.0,0.6369
403,857606651997827072,0.143,0.857,0.0,0.17,858233533084696580,0.0,1.0,0.0,0.0
404,857606651997827072,0.143,0.857,0.0,0.17,858058192739237890,0.0,1.0,0.0,0.0
405,856704603580223488,0.1465,0.759,0.095,0.1471,856739339459411968,0.0,1.0,0.0,0.0
406,856704603580223488,0.1465,0.759,0.095,0.1471,856749213429911552,0.395,0.605,0.0,0.8016
407,856660075779379200,0.0,1.0,0.0,0.0,857802592944095232,0.0,1.0,0.0,0.0
408,856660075779379200,0.0,1.0,0.0,0.0,857666425913323524,0.354,0.646,0.0,0.5093
409,856660075779379200,0.0,1.0,0.0,0.0,857812385729478656,0.0,0.894,0.106,-0.0772
410,856660075779379200,0.0,1.0,0.0,0.0,857906143305371648,0.0,1.0,0.0,0.0
411,856660075779379200,0.0,1.0,0.0,0.0,857933075736653827,0.0,1.0,0.0,0.0
412,856660075779379200,0.0,1.0,0.0,0.0,858153401301037056,0.0,0.381,0.119,-0.1806
413,856660075779379200,0.0,1.0,0.0,0.0,858280544194396161,0.2825,0.7175,0.0,0.0386
414,856660075779379200,0.0,1.0,0.0,0.0,858148050874896384,0.206,0.722,0.072,0.3818
415,856660075779379200,0.0,1.0,0.0,0.0,858423700395347968,0.0,1.0,0.0,0.0
416,855595895773175808,0.236,0.764,0.0,0.5719,859053574839468032,0.0,1.0,0.0,0.0
417,854485449380950016,0.0,1.0,0.0,0.0,854750373122277378,0.368,0.632,0.0,0.5411
418,853045081493864453,0.0,1.0,0.0,0.0,853997325399752705,0.0,1.0,0.0,0.0
419,851948755779768320,0.246,0.754,0.0,0.2202,852183458818535424,0.821,0.179,0.0,0.6793
420,849421161696026626,0.15,0.85,0.0,0.2294,849424074455621632,0.0,1.0,0.0,0.0
421,849421161696026626,0.15,0.85,0.0,0.2294,849469195637141504,0.569,0.431,0.0,0.9168
422,849421161696026626,0.15,0.85,0.0,0.2294,849626089941061632,0.0,1.0,0.0,0.0
423,849421161696026626,0.15,0.85,0.0,0.2294,852331820733665280,0.275,0.725,0.0,0.765
424,847918477541113856,0.0,1.0,0.0,0.0,847923624145235968,0.0,1.0,0.0,0.0
425,847603013455716354,0.0,1.0,0.0,0.0,848248093640462336,0.0,1.0,0.0,0.0
426,840005597806366720,0.0,1.0,0.0,0.0,840012979441659904,0.475,0.41,0.115,0.7985
427,837468586889326592,0.355,0.645,0.0,0.765,837468899201404928,0.0,1.0,0.0,0.0
428,837468586889326592,0.355,0.645,0.0,0.765,838028412107259904,0.108,0.773,0.119,-0.0516
429,837468586889326592,0.355,0.645,0.0,0.765,845095561053310977,0.0,1.0,0.0,0.0
430,837468586889326592,0.355,0.645,0.0,0.765,845096032178507776,0.0,1.0,0.0,0.0
431,837468586889326592,0.355,0.645,0.0,0.765,837549289375051776,0.0,1.0,0.0,0.0
432,835217028076224513,0.296,0.704,0.0,0.6369,835246645843529730,0.089,0.911,0.0,0.2382
433,832747933988638723,0.344,0.656,0.0,0.6369,832781258304270339,0.0,1.0,0.0,0.0
434,832394810661208064,0.0,1.0,0.0,0.0,832395369644425216,0.0,1.0,0.0,0.0
435,832394810661208064,0.0,1.0,0.0,0.0,832395634242117636,0.0,1.0,0.0,0.0
436,832394810661208064,0.0,1.0,0.0,0.0,832398537891655680,0.0,1.0,0.0,0.0
437,832394810661208064,0.0,1.0,0.0,0.0,832399006336692224,0.0,1.0,0.0,0.0
438,832394810661208064,0.0,1.0,0.0,0.0,832399846334222338,0.0,1.0,0.0,0.0
439,832394810661208064,0.0,1.0,0.0,0.0,832404904794791936,0.19933333333333333,0.8006666666666667,0.0,0.17253333333333334
440,832394810661208064,0.0,1.0,0.0,0.0,832421934990245888,0.0,1.0,0.0,0.0
441,829732461001244672,0.254,0.746,0.0,0.23835,829876565077028864,0.0,0.0,0.0,0.0
442,827567506973933569,0.508,0.492,0.0,0.4767,827568006247104512,0.0,1.0,0.0,0.0
443,826597026070745088,0.178,0.822,0.0,0.0772,826748684473769984,0.0,1.0,0.0,0.0
444,823925895585009664,0.0,1.0,0.0,0.0,823930785057095682,0.5,0.5,0.0,0.3238
445,823925895585009664,0.0,1.0,0.0,0.0,824064639252119553,0.0,1.0,0.0,0.0
446,823925895585009664,0.0,1.0,0.0,0.0,824259008806658048,0.0,1.0,0.0,0.0
447,822193156745789442,0.191,0.8089999999999999,0.0,0.2377,822247683377299457,0.424,0.576,0.0,0.7088
448,822193156745789442,0.191,0.8089999999999999,0.0,0.2377,822268226352582656,0.0,0.848,0.152,-0.3612
449,822193156745789442,0.191,0.8089999999999999,0.0,0.2377,822196732528357376,0.287,0.543,0.171,0.3612
450,822193156745789442,0.191,0.8089999999999999,0.0,0.2377,822225415368568832,0.0,1.0,0.0,0.0
451,822193156745789442,0.191,0.8089999999999999,0.0,0.2377,822226064273534980,0.432,0.568,0.0,0.8225
452,822193156745789442,0.191,0.8089999999999999,0.0,0.2377,822250198789394432,0.0,1.0,0.0,0.0
453,822193156745789442,0.191,0.8089999999999999,0.0,0.2377,822269544358170624,0.0,1.0,0.0,0.0
454,822193156745789442,0.191,0.8089999999999999,0.0,0.2377,822551221236105216,0.0,1.0,0.0,0.0
455,822193156745789442,0.191,0.8089999999999999,0.0,0.2377,822242722610290690,0.0,1.0,0.0,0.0
456,822193156745789442,0.191,0.8089999999999999,0.0,0.2377,822269813519241216,0.0,1.0,0.0,0.0
457,818878870476718081,0.351,0.649,0.0,0.7579,818885341608296452,0.0,1.0,0.0,0.0
458,817510334521024512,0.338,0.662,0.0,0.6249,817512588598771712,0.0,1.0,0.0,0.0
459,817510334521024512,0.338,0.662,0.0,0.6249,817515635840258048,0.369,0.631,0.0,0.6249
460,814561666797096961,0.351,0.649,0.0,0.4019,814564941575450624,0.3385,0.6615,0.0,0.318
461,812704424921616384,0.194,0.806,0.0,0.34,812727377864380416,0.0,1.0,0.0,0.0
462,812009839199219715,0.336,0.664,0.0,0.7245,812279732041613312,0.0,0.599,0.401,-0.69
463,809488231737724928,0.351,0.649,0.0,0.4019,809496633025110017,0.0,1.0,0.0,0.0
464,809488231737724928,0.351,0.649,0.0,0.4019,809498773521055745,0.1685,0.8315,0.0,0.42275
465,809488231737724928,0.351,0.649,0.0,0.4019,809529087781994496,0.239,0.761,0.0,0.296
466,806166333725560833,0.307,0.693,0.0,0.7672,806616443592855570,0.0,1.0,0.0,0.0
467,804872076695834625,0.0,1.0,0.0,0.0,805024199333056512,0.0,0.714,0.286,-0.1531
468,791068434503086080,0.0,1.0,0.0,0.0,791069066588983297,0.245,0.672,0.083,0.63
469,791068434503086080,0.0,1.0,0.0,0.0,791077702883246080,0.0,1.0,0.0,0.0
470,791068434503086080,0.0,1.0,0.0,0.0,791244721444253696,0.0,1.0,0.0,0.0
471,771897776598687744,0.162,0.8380000000000001,0.0,0.4008,771900167532445698,0.104,0.896,0.0,0.2836
472,771897776598687744,0.162,0.8380000000000001,0.0,0.4008,771907286889406464,0.605,0.395,0.0,0.8934
473,771481693530316800,0.0,1.0,0.0,0.0,771727959166181376,0.0,0.5,0.0,0.0
474,771481693530316800,0.0,1.0,0.0,0.0,771814047754911744,0.0,1.0,0.0,0.0
475,769187764113928192,0.0,1.0,0.0,0.0,769291748048723968,0.0,1.0,0.0,0.0
476,768945547868798981,0.0,1.0,0.0,0.0,768966549445156864,0.0,1.0,0.0,0.0
477,767426437053816832,0.0,1.0,0.0,0.0,767429885497311236,0.225,0.775,0.0,0.4404
478,767426437053816832,0.0,1.0,0.0,0.0,767453376447668224,0.372,0.628,0.0,0.2202
479,767426437053816832,0.0,1.0,0.0,0.0,767428291561074689,0.1875,0.8125,0.0,0.31845
480,767426437053816832,0.0,1.0,0.0,0.0,767439946823168000,0.0,1.0,0.0,0.0
481,767426437053816832,0.0,1.0,0.0,0.0,767446840098689024,0.37,0.63,0.0,0.7556
482,767426437053816832,0.0,1.0,0.0,0.0,767488823102058496,0.216,0.515,0.268,-0.128
483,766650977739038720,0.344,0.656,0.0,0.2732,767885933463109633,0.1425,0.3575,0.0,0.1691
484,761226907186765825,0.0,1.0,0.0,0.0,761263346767237120,0.286,0.214,0.0,0.30725
485,751566579125653504,0.0,1.0,0.0,0.0,751567455646920704,0.0,1.0,0.0,0.0
486,741104509288632324,0.0,1.0,0.0,0.0,741140299972546560,0.0,1.0,0.0,0.0
487,730789666903953409,0.172,0.828,0.0,0.4404,730799698567663616,0.133,0.867,0.0,0.25
488,727825239309201409,0.0,1.0,0.0,0.0,727825834665336832,0.0,1.0,0.0,0.0
489,716377320253206528,0.0,1.0,0.0,0.0,716406457470697472,0.079,0.921,0.0,0.2263
490,711317637473640450,0.0,1.0,0.0,0.0,711318064692744193,0.0,1.0,0.0,0.0
491,710959092655857664,0.0,1.0,0.0,0.0,710970154151190528,0.438,0.562,0.0,0.5994
492,708085206419423232,0.0,1.0,0.0,0.0,708797032048103424,0.253,0.747,0.0,0.7259
493,701922093093490689,0.177,0.823,0.0,0.4215,702568932369166337,0.0,1.0,0.0,0.0
494,698998540379545600,0.0,1.0,0.0,0.0,699005532061958145,0.0,1.0,0.0,0.0
495,695354120547336194,0.372,0.628,0.0,0.836,695354664863203328,0.736,0.264,0.0,0.4199
496,693945675525033985,0.3,0.7,0.0,0.4588,693947235839688704,0.2465,0.2535,0.0,0.2986
497,691771375573454848,0.0,1.0,0.0,0.0,691779806241898496,0.0,1.0,0.0,0.0
498,691771375573454848,0.0,1.0,0.0,0.0,694247276907208704,0.0,1.0,0.0,0.0
499,690688027660779521,0.1455,0.8545,0.0,0.31245,690690331436777472,0.0,1.0,0.0,0.0
500,677990703004262400,0.0,1.0,0.0,0.0,678009993925402624,0.0,1.0,0.0,0.0
501,677990703004262400,0.0,1.0,0.0,0.0,678234430205353988,0.3805,0.1195,0.0,0.2463
502,672917865809518593,0.153,0.847,0.0,0.4019,672919282641149954,0.0,1.0,0.0,0.0
503,667117818056454144,0.314,0.686,0.0,0.6705,667907297071468544,0.486,0.514,0.0,0.923
504,655554454549348352,0.0,1.0,0.0,0.0,655558418602680320,0.208,0.5,0.292,-0.25
505,654775147258228736,0.33,0.67,0.0,0.7096,654778041063751681,0.736,0.264,0.0,0.4199
506,654775147258228736,0.33,0.67,0.0,0.7096,654775742023139328,0.0,1.0,0.0,0.0
507,652250958492250112,0.369,0.631,0.0,0.6249,652266250475728896,0.241,0.259,0.0,0.20995
508,648623363359920129,0.0,1.0,0.0,0.0,648624375227289600,0.0,1.0,0.0,0.0
509,648623363359920129,0.0,1.0,0.0,0.0,649039025651777536,0.0,1.0,0.0,0.0
510,646459008107290624,0.369,0.631,0.0,0.6249,646461856018620416,0.0,1.0,0.0,0.0
511,645017182624219136,0.0,1.0,0.0,0.0,645020164514164736,0.0,1.0,0.0,0.0
512,644853262894637056,0.485,0.515,0.0,0.5719,644853559822057472,0.0,1.0,0.0,0.0
513,644853262894637056,0.485,0.515,0.0,0.5719,645059512848777217,0.29,0.71,0.0,0.5423
514,639917256009498624,0.22,0.78,0.0,0.4767,639934820420833280,0.31,0.69,0.0,0.6597
515,639917256009498624,0.22,0.78,0.0,0.4767,643548807528120321,0.0,1.0,0.0,0.0
516,639201313214087168,0.0,1.0,0.0,0.0,639555938295218176,0.394,0.606,0.0,0.8858
517,639201313214087168,0.0,1.0,0.0,0.0,639585294178734080,0.0,1.0,0.0,0.0
518,639162156576047104,0.4355,0.5645,0.0,0.54405,639178574205984769,0.0,1.0,0.0,0.0
519,637398102975102976,0.0,1.0,0.0,0.0,637415370769367041,0.0,1.0,0.0,0.0
520,637398102975102976,0.0,1.0,0.0,0.0,637460090572832768,0.341,0.659,0.0,0.6908
521,637398102975102976,0.0,1.0,0.0,0.0,637412200878092288,0.451,0.549,0.0,0.5093
522,636673333694701568,0.145,0.855,0.0,0.296,636673896293470209,0.3745,0.6255,0.0,0.45704999999999996
523,636673333694701568,0.145,0.855,0.0,0.296,636678942045245440,0.104,0.8245,0.0715,0.125
524,630882663063273472,0.0,1.0,0.0,0.0,631558517787373568,0.136,0.864,0.0,0.4588
525,630882663063273472,0.0,1.0,0.0,0.0,630920888196726784,0.0,0.5,0.0,0.0
526,630882663063273472,0.0,1.0,0.0,0.0,630884900225314816,0.351,0.649,0.0,0.5948
527,630511734609080320,0.3333333333333333,0.6666666666666666,0.0,0.21586666666666665,630515911615741952,0.0,0.536,0.464,-0.3818
528,630511734609080320,0.3333333333333333,0.6666666666666666,0.0,0.21586666666666665,630520034369110016,0.0,1.0,0.0,0.0
529,629458858239479808,0.0,1.0,0.0,0.0,629686892079017984,0.0,1.0,0.0,0.0
530,629458858239479808,0.0,1.0,0.0,0.0,629459994564554753,0.479,0.521,0.0,0.5574
531,629458858239479808,0.0,1.0,0.0,0.0,629459413468848128,1.0,0.0,0.0,0.6249
532,629441735802908673,0.379,0.621,0.0,0.7717,629455705590878208,0.0,1.0,0.0,0.0
533,628389236069277696,0.0,1.0,0.0,0.0,628390611603820544,0.143,0.857,0.0,0.125
534,627291471549476865,0.64,0.36,0.0,0.8356,627300486731956224,0.0,1.0,0.0,0.0
535,627291471549476865,0.64,0.36,0.0,0.8356,627300149879042049,0.229,0.593,0.178,0.1531
536,626502502368808960,0.0,1.0,0.0,0.0,626549587277447170,0.0,1.0,0.0,0.0
537,620738144493809664,0.0,1.0,0.0,0.0,620746187142860800,0.0,1.0,0.0,0.0
538,618514862503776256,0.318,0.569,0.114,0.5106,618515816535830528,0.632,0.23,0.138,0.8225
539,618514862503776256,0.318,0.569,0.114,0.5106,619013371719872512,0.239,0.598,0.163,0.3382
540,616365281993191424,0.437,0.563,0.0,0.8519,616377809305501697,0.0,0.5,0.0,0.0
541,614161300340506624,0.154,0.846,0.0,0.4767,614222160798851073,0.0,1.0,0.0,0.0
542,614145801082814464,0.371,0.629,0.0,0.6486,614149214319308800,0.0,1.0,0.0,0.0
543,613883838612303872,0.256,0.744,0.0,0.3712,613886323083096064,0.0,1.0,0.0,0.0
544,613883838612303872,0.256,0.744,0.0,0.3712,613894305418186752,0.506,0.494,0.0,0.6249
545,613883838612303872,0.256,0.744,0.0,0.3712,613887533252939776,0.2365,0.7635000000000001,0.0,0.3712
546,613883838612303872,0.256,0.744,0.0,0.3712,613897042721517568,0.0,1.0,0.0,0.0
547,608408254780215296,0.0,1.0,0.0,0.0,608504622139842560,0.0,1.0,0.0,0.0
548,606683122676211712,0.301,0.699,0.0,0.6808,606815502510489600,0.565,0.435,0.0,0.7574
549,606647695680401408,0.0,0.876,0.124,-0.3412,606649566570479617,0.6565,0.3435,0.0,0.6244000000000001
550,604108253006548992,0.171,0.829,0.0,0.5719,604141991870341120,0.0,1.0,0.0,0.0
551,604108253006548992,0.171,0.829,0.0,0.5719,604116942002216960,0.375,0.625,0.0,0.6369
552,602917242083377153,0.385,0.615,0.0,0.3612,602934334635380736,0.0,0.0,0.0,0.0
553,602500567487913984,0.1375,0.8625,0.0,0.29295,602868852049973248,0.608,0.392,0.0,0.4767
554,596780474778935296,0.0,0.784,0.216,-0.357,596845618045198337,0.195,0.805,0.0,0.4404
555,593839878024122369,0.137,0.769,0.094,0.25,593861270903889921,0.5,0.0,0.0,0.1691
556,593834781504360448,0.0,1.0,0.0,0.0,593835711830171648,0.34,0.66,0.0,0.7346
557,593834781504360448,0.0,1.0,0.0,0.0,593836578398572544,0.162,0.838,0.0,0.4754
558,593752772232765440,0.318,0.682,0.0,0.7234,593820421830508544,0.8,0.2,0.0,0.6549
559,593137774246678528,0.0,1.0,0.0,0.0,593141066221494274,0.0,1.0,0.0,0.0
560,593137774246678528,0.0,1.0,0.0,0.0,593232663286325249,0.2315,0.7685,0.0,0.39225
561,587694337619693569,0.158,0.8420000000000001,0.0,0.3592,589250998788489216,0.0,0.0,0.0,0.0
562,587694337619693569,0.158,0.8420000000000001,0.0,0.3592,589633105180295170,0.255,0.745,0.0,0.6652
563,587694337619693569,0.158,0.8420000000000001,0.0,0.3592,589635216580317184,0.366,0.634,0.0,0.886
564,587694337619693569,0.158,0.8420000000000001,0.0,0.3592,589637368807755777,0.2825,0.7175,0.0,0.37895
565,587694337619693569,0.158,0.8420000000000001,0.0,0.3592,589637916713848833,0.266,0.734,0.0,0.5719
566,587694337619693569,0.158,0.8420000000000001,0.0,0.3592,589638603224973312,0.266,0.734,0.0,0.5719
567,587693799977000960,0.223,0.777,0.0,0.3182,588026584101158914,0.0,1.0,0.0,0.0
568,584417798190927873,0.0,1.0,0.0,0.0,584420372071784448,0.0,1.0,0.0,0.0
569,577868856242237440,0.0,1.0,0.0,0.0,578164805799841793,0.3345,0.6655,0.0,0.43885
570,572865444001931264,0.25,0.75,0.0,0.1695,572866533598216192,0.132,0.868,0.0,0.1695
571,569972418627969026,0.355,0.645,0.0,0.48595,571031795216441345,0.272,0.728,0.0,0.6249
572,569972418627969026,0.355,0.645,0.0,0.48595,569972718348607488,0.0,1.0,0.0,0.0
573,569972418627969026,0.355,0.645,0.0,0.48595,571047560682582016,0.0,1.0,0.0,0.0
574,569972418627969026,0.355,0.645,0.0,0.48595,571051060003016704,0.0,1.0,0.0,0.0
575,569972418627969026,0.355,0.645,0.0,0.48595,571070679727996928,0.0,1.0,0.0,0.0
576,569972418627969026,0.355,0.645,0.0,0.48595,569974448100663296,0.0,1.0,0.0,0.0
577,569972418627969026,0.355,0.645,0.0,0.48595,569974589951905792,0.0,1.0,0.0,0.0
578,569972418627969026,0.355,0.645,0.0,0.48595,570033021237075969,0.0,1.0,0.0,0.0
579,569972418627969026,0.355,0.645,0.0,0.48595,570365421691363330,0.259,0.741,0.0,0.2716
580,569972418627969026,0.355,0.645,0.0,0.48595,570370660842631169,0.308,0.692,0.0,0.6124
581,569968856686596099,0.4055,0.5945,0.0,0.6134999999999999,571028214803333120,0.333,0.667,0.0,0.8176
582,569968856686596099,0.4055,0.5945,0.0,0.6134999999999999,569971995716276225,0.135,0.865,0.0,0.3612
583,569968856686596099,0.4055,0.5945,0.0,0.6134999999999999,569976316130418688,0.209,0.791,0.0,0.4019
584,569968856686596099,0.4055,0.5945,0.0,0.6134999999999999,569982372088713216,0.0,0.698,0.302,-0.3818
585,569968856686596099,0.4055,0.5945,0.0,0.6134999999999999,569969867576745984,0.074,0.926,0.0,0.0516
586,569968856686596099,0.4055,0.5945,0.0,0.6134999999999999,569970143016706048,0.0,1.0,0.0,0.0
587,569968856686596099,0.4055,0.5945,0.0,0.6134999999999999,569973963717267457,0.0,1.0,0.0,0.0
588,569968856686596099,0.4055,0.5945,0.0,0.6134999999999999,569976737938870272,0.0,1.0,0.0,0.0
589,569968856686596099,0.4055,0.5945,0.0,0.6134999999999999,569977402329313280,0.368,0.632,0.0,0.7906
590,569968856686596099,0.4055,0.5945,0.0,0.6134999999999999,569979229841920001,0.0,1.0,0.0,0.0
591,569968856686596099,0.4055,0.5945,0.0,0.6134999999999999,569979575419191296,0.0,1.0,0.0,0.0
592,569968856686596099,0.4055,0.5945,0.0,0.6134999999999999,570016660528041984,0.0,0.8065,0.1935,-0.2924
593,568840770955943937,0.246,0.754,0.0,0.35015,568841585410113536,0.0,1.0,0.0,0.0
594,568840770955943937,0.246,0.754,0.0,0.35015,568841128390238209,0.0,1.0,0.0,0.0
595,568840770955943937,0.246,0.754,0.0,0.35015,568841880953344000,0.0,0.5,0.0,0.0
596,568840770955943937,0.246,0.754,0.0,0.35015,568841989694705664,0.0,1.0,0.0,0.0
597,568840770955943937,0.246,0.754,0.0,0.35015,568842319245369344,0.13,0.87,0.0,0.2023
598,568840770955943937,0.246,0.754,0.0,0.35015,568841499116318721,0.0,1.0,0.0,0.0
599,568840770955943937,0.246,0.754,0.0,0.35015,568842975104651264,0.1,0.9,0.0,0.2287
600,568840770955943937,0.246,0.754,0.0,0.35015,568844258842689537,0.0,1.0,0.0,0.0
601,568840770955943937,0.246,0.754,0.0,0.35015,568844487952355328,0.0,1.0,0.0,0.0
602,568840770955943937,0.246,0.754,0.0,0.35015,568844619989041152,0.666,0.334,0.0,0.6114
603,568840770955943937,0.246,0.754,0.0,0.35015,568845259360182272,0.592,0.408,0.0,0.4404
604,568840770955943937,0.246,0.754,0.0,0.35015,568846357357854720,0.0,1.0,0.0,0.0
605,568840770955943937,0.246,0.754,0.0,0.35015,568854340938670081,0.0,1.0,0.0,0.0
606,568840770955943937,0.246,0.754,0.0,0.35015,568864922538524672,0.0,1.0,0.0,0.0
607,568840770955943937,0.246,0.754,0.0,0.35015,568870888482971649,0.0,1.0,0.0,0.0
608,568840770955943937,0.246,0.754,0.0,0.35015,569118150840745984,0.0,1.0,0.0,0.0
609,568840770955943937,0.246,0.754,0.0,0.35015,569223428823130112,0.0,1.0,0.0,0.0
610,568840770955943937,0.246,0.754,0.0,0.35015,569280553192566784,0.0,1.0,0.0,0.0
611,568156924702806017,0.0,1.0,0.0,0.0,568157359090106369,0.3025,0.1975,0.0,0.4729
612,568151645860847617,0.176,0.8240000000000001,0.0,0.29295,568450311951491072,0.0,1.0,0.0,0.0
613,568151645860847617,0.176,0.8240000000000001,0.0,0.29295,568449883394457600,0.0,1.0,0.0,0.0
614,568151645860847617,0.176,0.8240000000000001,0.0,0.29295,568152717002186752,0.25,0.75,0.0,0.4588
615,568151645860847617,0.176,0.8240000000000001,0.0,0.29295,568161820646772736,0.0,1.0,0.0,0.0
616,568151645860847617,0.176,0.8240000000000001,0.0,0.29295,568442611775574016,0.107,0.893,0.0,0.0516
617,568151645860847617,0.176,0.8240000000000001,0.0,0.29295,568442816722014208,0.789,0.211,0.0,0.8176
618,568151645860847617,0.176,0.8240000000000001,0.0,0.29295,568442838561787904,0.0,1.0,0.0,0.0
619,568151645860847617,0.176,0.8240000000000001,0.0,0.29295,568442933570961408,0.0,1.0,0.0,0.0
620,568151645860847617,0.176,0.8240000000000001,0.0,0.29295,568443079243341826,0.184,0.816,0.0,0.2023
621,568151645860847617,0.176,0.8240000000000001,0.0,0.29295,568443602176741376,0.258,0.742,0.0,0.2463
622,568151645860847617,0.176,0.8240000000000001,0.0,0.29295,568444333625466880,0.0,1.0,0.0,0.0
623,568151645860847617,0.176,0.8240000000000001,0.0,0.29295,568447736271536129,0.0,1.0,0.0,0.0
624,568150555346006017,0.4275,0.5725,0.0,0.6686000000000001,568157300143353856,0.182,0.818,0.0,0.4404
625,566285518057775104,0.2685,0.7315,0.0,0.35015,568782574102945792,0.0,1.0,0.0,0.0
626,566285518057775104,0.2685,0.7315,0.0,0.35015,567811379655356417,0.0,1.0,0.0,0.0
627,565884334343983104,0.143,0.857,0.0,0.125,565968818322022400,0.0,1.0,0.0,0.0
628,564810606965190656,0.246,0.754,0.0,0.35015,564810807016689664,0.599,0.401,0.0,0.4574
629,564810606965190656,0.246,0.754,0.0,0.35015,564812010819289088,0.0,1.0,0.0,0.0
630,564810606965190656,0.246,0.754,0.0,0.35015,566073115126411264,0.0,1.0,0.0,0.0
631,564810606965190656,0.246,0.754,0.0,0.35015,566807404097310722,0.0,1.0,0.0,0.0
632,564124044900171776,0.086,0.9139999999999999,0.0,0.2202,564126320570159104,0.0,0.0,1.0,-0.34
633,563776787025784834,0.1045,0.7615000000000001,0.134,0.07220000000000001,563797327782375424,0.0,0.0,0.0,0.0
634,563770536720097280,0.348,0.652,0.0,0.6113999999999999,563771170814967808,0.17,0.83,0.0,0.6249
635,563770536720097280,0.348,0.652,0.0,0.6113999999999999,563775292574277632,0.0,1.0,0.0,0.0
636,563770536720097280,0.348,0.652,0.0,0.6113999999999999,563776524726571008,0.0,1.0,0.0,0.0
637,563770536720097280,0.348,0.652,0.0,0.6113999999999999,563792999289614337,0.344,0.656,0.0,0.6369
638,563770536720097280,0.348,0.652,0.0,0.6113999999999999,564067916736233472,0.0,1.0,0.0,0.0
639,563770536720097280,0.348,0.652,0.0,0.6113999999999999,564281947304652801,0.0,1.0,0.0,0.0
640,563448191514054656,0.2703333333333333,0.7296666666666667,0.0,0.3708666666666667,563846047923830785,0.0,0.541,0.459,-0.5267
641,562420611234799616,0.459,0.483,0.058,0.8519,562425517354143744,0.0,1.0,0.0,0.0
642,562420611234799616,0.459,0.483,0.058,0.8519,562428452272615424,0.0,0.841,0.159,-0.1779
643,562420611234799616,0.459,0.483,0.058,0.8519,562437350068719616,0.0,1.0,0.0,0.0
644,562420611234799616,0.459,0.483,0.058,0.8519,562446083734134784,0.0,0.227,0.773,-0.5267
645,562420611234799616,0.459,0.483,0.058,0.8519,562632496945561601,0.403,0.597,0.0,0.6597
646,558030109878550529,0.0,1.0,0.0,0.0,558804042873176065,0.172,0.725,0.103,0.4199
647,558030109878550529,0.0,1.0,0.0,0.0,558064225252544517,0.0,1.0,0.0,0.0
648,549995073275183104,0.0,1.0,0.0,0.0,549995682291937280,0.0,1.0,0.0,0.0
649,540937841195233281,0.0,1.0,0.0,0.0,540943770653827072,0.375,0.625,0.0,0.4588
650,538093719791349763,0.0,1.0,0.0,0.0,538406019492503552,0.0,1.0,0.0,0.0
651,535105173778362369,0.0,1.0,0.0,0.0,535116243544850432,0.0,1.0,0.0,0.0
652,532700715580678146,0.313,0.687,0.0,0.6249,532716454806700032,0.0,1.0,0.0,0.0
653,531165565562658816,0.0,1.0,0.0,0.0,531171160181182464,0.0,1.0,0.0,0.0
654,531165565562658816,0.0,1.0,0.0,0.0,531312513665990656,0.0,1.0,0.0,0.0
655,525743667664142338,0.0,1.0,0.0,0.0,527903515302445056,0.401,0.599,0.0,0.6147
656,525743667664142338,0.0,1.0,0.0,0.0,525749201918251008,0.0,1.0,0.0,0.0
657,525743667664142338,0.0,1.0,0.0,0.0,525746278664507392,0.0,1.0,0.0,0.0
658,525743667664142338,0.0,1.0,0.0,0.0,525744052466384896,0.0,1.0,0.0,0.0
659,525743667664142338,0.0,1.0,0.0,0.0,525744384730755074,0.0,0.722,0.278,-0.4019
660,525743667664142338,0.0,1.0,0.0,0.0,525747105370226689,0.0,1.0,0.0,0.0
661,525743667664142338,0.0,1.0,0.0,0.0,525747643616874499,0.171,0.829,0.0,0.1909
662,525743667664142338,0.0,1.0,0.0,0.0,525748300897845248,0.0,1.0,0.0,0.0
663,525743667664142338,0.0,1.0,0.0,0.0,525759164635955201,0.0,1.0,0.0,0.0
664,525743667664142338,0.0,1.0,0.0,0.0,525764543231033345,0.0,1.0,0.0,0.0
665,525743667664142338,0.0,1.0,0.0,0.0,531941351118483456,0.1955,0.8045,0.0,0.3348
666,525743667664142338,0.0,1.0,0.0,0.0,539897271706714113,0.0,1.0,0.0,0.0
667,515161674291351552,0.0,1.0,0.0,0.0,515181141205078016,0.5,0.0,0.0,0.28535
668,514589216081444864,0.7,0.3,0.0,0.7906,514593413296320512,0.0,1.0,0.0,0.0
669,514589216081444864,0.7,0.3,0.0,0.7906,514589742201966592,0.516,0.484,0.0,0.4926
670,514589216081444864,0.7,0.3,0.0,0.7906,514590048943996928,0.2055,0.2945,0.0,0.20995
671,514560236930486273,0.098,0.902,0.0,0.148,514560525842124801,0.0,0.5,0.0,0.0
672,514560236930486273,0.098,0.902,0.0,0.148,514560679928295424,0.0,1.0,0.0,0.0
673,506904057001562112,0.0,1.0,0.0,0.0,506935018074423296,0.31,0.69,0.0,0.6696
674,506904057001562112,0.0,1.0,0.0,0.0,507144163562098688,0.0,1.0,0.0,0.0
675,503990547418451968,0.226,0.774,0.0,0.4215,504017502893256706,0.266,0.734,0.0,0.5719
676,500065591009751042,0.0,1.0,0.0,0.0,500072507572232192,0.0,1.0,0.0,0.0
677,500065591009751042,0.0,1.0,0.0,0.0,500099287838367745,0.0,1.0,0.0,0.0
678,500065591009751042,0.0,1.0,0.0,0.0,500103559917338625,0.225,0.286,0.489,-0.8074
679,451162623728680961,0.3145,0.6855,0.0,0.26275,451182350626729984,0.2295,0.7705,0.0,0.26275
680,435789706778124288,0.0,1.0,0.0,0.0,435793096953954305,0.0,1.0,0.0,0.0
681,435789706778124288,0.0,1.0,0.0,0.0,435804613661696001,0.0,1.0,0.0,0.0
682,431877066351714305,0.0,1.0,0.0,0.0,431879217383366656,0.0,1.0,0.0,0.0
683,431877066351714305,0.0,1.0,0.0,0.0,433746658614972416,0.0,1.0,0.0,0.0
684,408063954687393792,0.389,0.611,0.0,0.8481,408064815966334976,0.333,0.667,0.0,0.4588
685,408063954687393792,0.389,0.611,0.0,0.8481,408066649091506176,0.552,0.448,0.0,0.5707
686,408063954687393792,0.389,0.611,0.0,0.8481,408073949692428288,1.0,0.0,0.0,0.2732
687,408063954687393792,0.389,0.611,0.0,0.8481,408079508542332928,0.114,0.685,0.2,-0.2225
688,407903557481168896,0.0,1.0,0.0,0.0,407911783769604096,0.286,0.714,0.0,0.34
689,385802467411496960,0.0,1.0,0.0,0.0,401029046479224832,0.218,0.282,0.0,0.23765
690,380382496183316480,0.5,0.5,0.0,0.26275,448243491739410433,0.6125,0.38749999999999996,0.0,0.59165
691,374533073507217408,0.325,0.675,0.0,0.8268,374746646132711424,0.1535,0.8465,0.0,0.3057
692,365476535643279360,0.0,1.0,0.0,0.0,365955653694533634,0.0,1.0,0.0,0.0
693,300054648058966016,0.0,1.0,0.0,0.0,300074953317957634,0.0,1.0,0.0,0.0
694,287284733392584704,0.167,0.833,0.0,0.4939,287285282435391488,0.716,0.284,0.0,0.4061
695,286284739097272320,0.3375,0.6625000000000001,0.0,0.6361,286290725799346178,0.0,1.0,0.0,0.0
696,281109482753376256,0.143,0.857,0.0,0.2787,282648177629347840,0.677,0.323,0.0,0.2732
697,250323055996456960,0.0,1.0,0.0,0.0,250331865599320064,0.0,1.0,0.0,0.0
698,233926623542534144,0.0,1.0,0.0,0.0,233930044513341440,0.516,0.484,0.0,0.4926
699,111132897171357696,0.115,0.765,0.12,-0.0258,431612687219302400,1.0,0.0,0.0,0.4019
